{"cameraMode":{"drawMode":0,"name":"Shaded","section":"Shading Mode"},"sceneLighting":false,"audioPlay":false,"sceneViewState":{"m_AlwaysRefresh":false,"showFog":true,"showSkybox":false,"showFlares":true,"showImageEffects":true,"showParticleSystems":true,"showVisualEffectGraphs":true,"m_FxEnabled":true},"in2DMode":false,"pivot":{"x":-0.3415231704711914,"y":-0.024621963500976564,"z":0.3220616579055786},"rotation":{"x":-0.4800613224506378,"y":-0.35498327016830447,"z":0.2209814041852951,"w":-0.7711659669876099},"size":1.2247449159622193,"orthographic":false}