{"cameraMode":{"drawMode":0,"name":"Shaded","section":"Shading Mode"},"sceneLighting":true,"audioPlay":false,"sceneViewState":{"m_AlwaysRefresh":false,"showFog":true,"showSkybox":true,"showFlares":true,"showImageEffects":true,"showParticleSystems":true,"showVisualEffectGraphs":true,"m_FxEnabled":true},"in2DMode":false,"pivot":{"x":-4.639999866485596,"y":1.7400000095367432,"z":-2.130000114440918},"rotation":{"x":0.25504371523857119,"y":-0.027552984654903413,"z":0.007270714268088341,"w":0.9665096998214722},"size":1.281720519065857,"orthographic":false}