{"cameraMode":{"drawMode":0,"name":"Shaded","section":"Shading Mode"},"sceneLighting":true,"audioPlay":false,"sceneViewState":{"m_AlwaysRefresh":false,"showFog":true,"showSkybox":true,"showFlares":true,"showImageEffects":true,"showParticleSystems":true,"showVisualEffectGraphs":true,"m_FxEnabled":true},"in2DMode":false,"pivot":{"x":-9.464174270629883,"y":0.37610530853271487,"z":1.08730149269104},"rotation":{"x":0.5477102994918823,"y":-0.06136861816048622,"z":0.04032948240637779,"w":0.8334393501281738},"size":2.6694648265838625,"orthographic":false}