{"cameraMode":{"drawMode":0,"name":"Shaded","section":"Shading Mode"},"sceneLighting":true,"audioPlay":false,"sceneViewState":{"m_AlwaysRefresh":false,"showFog":true,"showSkybox":true,"showFlares":true,"showImageEffects":true,"showParticleSystems":true,"showVisualEffectGraphs":true,"m_FxEnabled":true},"in2DMode":false,"pivot":{"x":2.752546787261963,"y":0.8537302017211914,"z":0.8413798809051514},"rotation":{"x":-0.5278059840202332,"y":0.13406319916248322,"z":-0.08479131758213043,"w":-0.8344271183013916},"size":12.451359748840332,"orthographic":false}