{"cameraMode":{"drawMode":0,"name":"Shaded","section":"Shading Mode"},"sceneLighting":true,"audioPlay":false,"sceneViewState":{"m_AlwaysRefresh":false,"showFog":true,"showSkybox":true,"showFlares":true,"showImageEffects":true,"showParticleSystems":true,"showVisualEffectGraphs":true,"m_FxEnabled":true},"in2DMode":false,"pivot":{"x":3.4207253456115724,"y":1.1994307041168213,"z":-0.47238636016845705},"rotation":{"x":0.6804777979850769,"y":0.011024195700883866,"z":-0.010172662325203419,"w":0.7326425909996033},"size":6.081151962280273,"orthographic":true}