{"cameraMode":{"drawMode":0,"name":"Shaded","section":"Shading Mode"},"sceneLighting":true,"audioPlay":false,"sceneViewState":{"m_AlwaysRefresh":false,"showFog":true,"showSkybox":true,"showFlares":true,"showImageEffects":true,"showParticleSystems":true,"showVisualEffectGraphs":true,"m_FxEnabled":true},"in2DMode":false,"pivot":{"x":0.28260302543640139,"y":1.4389338493347169,"z":0.27183103561401369},"rotation":{"x":0.21812744438648225,"y":-0.07165579497814179,"z":0.016061753034591676,"w":0.973154604434967},"size":1.8442878723144532,"orthographic":true}